date,LON,LAT,SOG,COG,Heading
2021-03-02T16:48:33,-123.37612,48.43146,0.4,19.2,107.0
2021-03-02T16:50:38,-123.37604,48.4316,0.1,323.7,27.0
2021-03-02T16:52:50,-123.37608,48.43161,0.2,355.5,357.0
2021-03-02T16:55:11,-123.37614,48.43152,0.3,178.2,348.0
2021-03-02T16:49:37,-123.37605,48.43153,0.2,35.7,75.0
2021-02-19T21:41:20,-123.42921,48.43631,1.2,261.9,71.0
2021-02-19T21:42:21,-123.42962,48.43624,1.0,256.5,86.0
2021-02-19T21:45:32,-123.43109,48.43627,1.1,267.6,80.0
2021-02-19T21:43:30,-123.43012,48.43623,1.1,269.5,86.0
2021-02-19T21:46:41,-123.43161,48.43628,1.2,272.9,82.0
2021-02-19T21:49:01,-123.43306,48.43639,1.6,280.2,90.0
2021-02-19T21:53:50,-123.43541,48.43674,0.5,296.6,122.0
2021-02-19T21:51:22,-123.43461,48.43658,1.6,284.0,99.0
2021-02-19T21:57:21,-123.43568,48.43693,0.1,294.8,140.0
2021-02-19T21:59:42,-123.4355,48.43671,0.4,149.7,140.0
2021-02-19T21:58:30,-123.4356,48.43684,0.4,151.6,144.0
2021-02-19T22:01:21,-123.43545,48.43666,0.1,315.1,121.0
2021-02-19T22:00:11,-123.43546,48.43667,0.4,145.1,136.0
2021-02-19T22:02:22,-123.43557,48.4367,0.4,303.1,106.0
2021-02-19T21:37:51,-123.42736,48.43636,1.0,260.3,79.0
2021-02-19T22:05:31,-123.43648,48.43692,1.0,297.9,339.0
2021-02-19T22:07:38,-123.43776,48.43691,2.3,239.4,223.0
2021-02-19T22:08:42,-123.43889,48.43612,4.0,218.6,206.0
2021-02-19T22:09:51,-123.43992,48.43484,4.7,206.2,198.0
2021-02-19T22:12:17,-123.44182,48.43178,5.0,200.4,191.0
2021-02-19T22:14:42,-123.44354,48.42827,5.7,198.4,194.0
2021-02-19T21:40:11,-123.42859,48.43634,1.4,271.5,79.0
2021-02-19T22:13:30,-123.44269,48.43005,5.5,198.3,191.0
2021-02-19T22:18:04,-123.44397,48.4231,5.5,161.0,150.0
2021-02-19T22:20:12,-123.43984,48.41999,8.1,134.5,128.0
2021-02-19T22:21:22,-123.4366,48.41845,8.2,122.0,115.0
2021-02-19T22:22:51,-123.43209,48.41688,8.2,117.8,114.0
2021-02-19T22:28:22,-123.41492,48.4133,7.4,104.1,103.0
2021-02-19T22:29:31,-123.41196,48.41279,6.1,101.4,94.0
2021-02-19T22:30:41,-123.40909,48.41269,5.8,90.8,87.0
2021-02-19T22:31:42,-123.40665,48.41282,5.9,84.2,82.0
2021-02-19T21:56:12,-123.43563,48.4369,0.3,316.8,133.0
2021-02-19T22:32:51,-123.40387,48.41325,6.0,73.8,69.0
2021-02-19T22:06:35,-123.43701,48.43709,1.6,290.9,278.0
2021-02-19T22:34:01,-123.40127,48.41405,5.5,61.7,57.0
2021-02-19T22:36:12,-123.39872,48.41531,3.1,45.3,46.0
2021-02-19T22:37:30,-123.39733,48.41607,3.5,49.8,43.0
2021-02-19T22:35:07,-123.39972,48.41466,3.6,57.3,48.0
2021-02-19T22:11:01,-123.44088,48.4334,4.9,203.8,197.0
2021-02-19T22:39:50,-123.39468,48.41829,4.7,36.5,35.0
2021-02-19T22:03:25,-123.43581,48.43678,0.6,296.4,85.0
2021-02-19T22:44:22,-123.3903,48.42304,3.7,25.5,25.0
2021-02-19T22:48:41,-123.38551,48.42414,2.6,88.9,88.0
2021-02-19T22:47:31,-123.38685,48.42411,2.9,87.6,85.0
2021-02-19T22:46:28,-123.38816,48.42406,2.9,74.2,80.0
2021-02-19T22:55:22,-123.37866,48.42431,2.9,59.9,49.0
2021-02-19T22:17:01,-123.44456,48.42464,5.7,180.8,168.0
2021-02-19T22:58:31,-123.37537,48.42482,2.8,103.6,100.0
2021-02-19T22:19:05,-123.44249,48.42178,6.6,139.2,132.0
2021-02-19T22:56:25,-123.37766,48.42487,2.9,52.8,61.0
2021-02-19T23:01:02,-123.37317,48.42511,2.3,57.6,52.0
2021-02-19T23:02:04,-123.37242,48.42565,2.7,36.0,25.0
2021-02-19T23:05:31,-123.37215,48.42826,2.3,348.6,346.0
2021-02-19T22:26:11,-123.42171,48.41434,7.8,102.4,99.0
2021-02-19T23:03:11,-123.37197,48.42654,3.1,13.7,5.0
2021-02-19T22:27:21,-123.41802,48.4138,7.8,102.6,100.0
2021-02-19T23:06:42,-123.37244,48.42904,2.5,348.6,349.0
2021-02-19T23:07:51,-123.37255,48.4299,2.7,355.0,350.0
2021-02-19T22:42:11,-123.39212,48.42085,4.6,32.6,29.0
2021-02-19T22:38:42,-123.39599,48.41711,4.3,38.9,36.0
2021-02-19T23:14:27,-123.3757,48.43241,0.8,241.5,244.0
2021-02-19T22:41:02,-123.39332,48.41958,4.8,33.2,28.0
2021-02-19T22:43:12,-123.39114,48.42189,4.2,29.0,25.0
2021-02-19T23:20:00,-123.3761,48.43155,0.6,188.3,196.0
2021-02-19T23:16:41,-123.3758,48.43222,0.6,198.1,219.0
2021-02-19T23:17:42,-123.37592,48.43197,0.9,198.1,213.0
2021-02-19T22:50:50,-123.3835,48.42402,2.3,94.4,92.0
2021-02-19T22:52:00,-123.3823,48.4239,2.5,100.8,99.0
2021-02-19T22:53:12,-123.381,48.42378,2.7,92.2,84.0
2021-02-19T23:32:42,-123.37615,48.43139,0.1,300.0,142.0
2021-02-19T22:54:20,-123.37975,48.42395,2.7,74.4,68.0
2021-02-19T22:57:27,-123.37656,48.42502,2.5,87.8,98.0
2021-02-19T23:11:11,-123.37414,48.43203,2.4,323.4,313.0
2021-02-19T23:15:31,-123.37578,48.43232,0.2,184.8,229.0
2021-02-19T23:04:15,-123.37194,48.42744,2.8,357.0,350.0
2021-02-19T23:09:00,-123.37287,48.43074,2.7,340.3,330.0
2021-02-19T23:13:24,-123.37533,48.4325,1.1,275.1,262.0
2021-02-19T21:50:11,-123.43383,48.43647,1.6,278.0,90.0
2021-02-19T21:52:31,-123.43517,48.43669,1.0,284.7,110.0
2021-02-19T21:55:00,-123.43553,48.43682,0.4,310.7,130.0
2021-02-19T22:04:28,-123.43613,48.43683,0.8,285.3,57.0
2021-02-19T22:15:51,-123.44434,48.42649,5.7,193.5,185.0
2021-02-19T22:23:52,-123.42906,48.4158,8.2,116.8,109.0
2021-02-19T22:25:01,-123.42541,48.41492,7.9,108.0,102.0
2021-02-19T22:45:24,-123.3894,48.42374,3.1,48.2,56.0
2021-02-19T22:49:42,-123.38456,48.42408,2.2,96.7,93.0
2021-02-19T22:59:35,-123.37424,48.42476,2.3,88.3,74.0
2021-02-19T23:00:00,-123.37394,48.4248,1.8,68.8,63.0
2021-03-11T01:47:33,-123.37603,48.43187,0.7,41.5,9.0
2021-03-11T01:50:38,-123.37507,48.43212,0.8,84.8,50.0
2021-03-11T01:48:35,-123.37586,48.43189,0.4,86.2,24.0
2021-03-11T01:49:36,-123.37549,48.43205,1.2,57.2,41.0
2021-03-11T01:52:41,-123.3746,48.43199,0.8,106.2,75.0
2021-03-11T01:51:40,-123.37484,48.43206,0.5,120.0,63.0
2021-03-11T01:54:47,-123.37343,48.43168,1.9,126.0,129.0
2021-03-11T01:58:11,-123.3724,48.42898,3.4,171.7,166.0
2021-03-11T01:55:50,-123.3729,48.43111,2.4,156.9,165.0
2021-03-11T01:57:00,-123.37262,48.4301,3.4,172.3,170.0
2021-03-11T02:00:00,-123.37211,48.42728,3.4,178.3,181.0
2021-03-11T02:01:04,-123.37237,48.4263,3.3,195.8,200.0
2021-03-11T02:04:20,-123.37577,48.425,3.1,270.7,273.0
2021-03-11T01:59:20,-123.37216,48.42793,3.4,170.7,167.0
2021-03-11T02:05:24,-123.37723,48.42499,3.3,264.2,252.0
2021-03-11T02:06:30,-123.37868,48.4247,3.4,253.8,250.0
2021-03-11T02:08:50,-123.38193,48.42428,3.3,267.2,267.0
2021-03-11T02:12:30,-123.38757,48.42453,4.3,270.7,267.0
2021-03-11T02:11:20,-123.38553,48.42449,3.8,275.4,272.0
2021-03-11T02:13:33,-123.38941,48.42432,4.2,251.9,234.0
2021-03-11T02:18:00,-123.39296,48.41968,4.5,203.1,200.0
2021-03-11T02:19:11,-123.39389,48.41835,4.5,206.0,204.0
2021-03-11T02:22:32,-123.39758,48.41449,5.7,218.0,217.0
2021-03-11T02:23:39,-123.39933,48.41304,5.9,218.5,217.0
2021-03-11T02:24:40,-123.4009,48.41173,6.2,218.5,216.0
2021-03-11T02:21:31,-123.39615,48.41573,5.0,215.3,216.0
2021-03-11T02:26:51,-123.40433,48.4085,6.6,212.6,210.0
2021-03-11T02:25:50,-123.40281,48.41004,6.5,215.6,212.0
2021-03-11T02:29:11,-123.40832,48.40505,7.0,217.6,209.0
2021-03-11T02:30:19,-123.41045,48.40307,8.0,215.1,209.0
2021-03-11T02:31:20,-123.4124,48.40117,8.2,214.5,209.0
2021-03-11T02:28:00,-123.4062,48.40682,6.6,219.6,214.0
2021-03-11T02:32:30,-123.41463,48.39897,8.2,214.1,209.0
2021-03-11T02:33:40,-123.41706,48.39668,8.8,215.7,213.0
2021-03-11T02:35:51,-123.42196,48.3924,8.9,217.2,212.0
2021-03-11T02:34:50,-123.41967,48.3944,8.9,217.1,213.0
2021-03-11T02:38:10,-123.42687,48.38772,9.0,212.5,206.0
2021-03-11T02:37:00,-123.4245,48.39011,8.9,215.6,211.0
2021-03-11T02:39:21,-123.42928,48.38517,9.0,212.5,207.0
2021-03-11T02:41:40,-123.4336,48.38013,9.1,208.7,202.0
2021-03-11T02:43:50,-123.43758,48.37536,9.1,209.9,204.0
2021-03-11T02:48:20,-123.44649,48.36548,9.3,212.3,205.0
2021-03-11T02:50:41,-123.45087,48.36023,9.2,207.2,199.0
2021-03-11T02:49:30,-123.44874,48.36292,9.2,209.0,201.0
2021-03-11T02:51:50,-123.4528,48.3576,9.2,206.2,199.0
2021-03-11T02:52:59,-123.45478,48.35495,9.2,206.8,200.0
2021-03-11T02:54:00,-123.45656,48.35268,9.2,207.9,202.0
2021-03-11T02:55:11,-123.45883,48.34995,9.3,208.7,203.0
2021-03-11T02:56:21,-123.46098,48.34734,9.3,208.4,202.0
2021-03-11T02:57:30,-123.46305,48.34475,9.2,207.8,202.0
2021-03-11T02:58:40,-123.46508,48.34214,9.2,207.0,200.0
2021-03-11T02:59:50,-123.46707,48.33944,9.2,206.3,201.0
2021-03-11T03:00:00,-123.46736,48.33906,9.2,206.7,202.0
2021-03-11T03:03:20,-123.47373,48.33176,9.1,211.6,202.0
2021-03-11T03:04:30,-123.47597,48.3292,9.2,209.3,199.0
2021-03-11T03:01:11,-123.4696,48.33644,9.1,209.9,203.0
2021-03-11T03:02:19,-123.47169,48.33394,9.1,209.7,204.0
2021-03-11T03:06:51,-123.48059,48.32389,9.4,211.7,203.0
2021-03-11T03:05:40,-123.47817,48.32657,9.4,209.5,200.0
2021-03-11T03:10:20,-123.48697,48.31588,9.4,205.5,195.0
2021-03-11T03:09:11,-123.48506,48.31859,9.4,205.9,195.0
2021-03-11T03:11:30,-123.48898,48.31314,9.4,206.0,196.0
2021-03-11T03:13:51,-123.49306,48.30761,9.6,205.2,195.0
2021-03-11T03:12:41,-123.49107,48.31035,9.5,206.7,197.0
2021-03-11T03:14:59,-123.49504,48.30483,9.7,205.3,197.0
2021-03-11T03:16:11,-123.49722,48.30188,10.0,207.3,200.0
2021-03-11T03:18:30,-123.50167,48.29598,10.4,204.5,196.0
2021-03-11T03:17:21,-123.49951,48.29899,10.2,207.5,200.0
2021-03-11T03:20:49,-123.50715,48.29007,11.4,217.7,215.0
2021-03-11T03:19:41,-123.50401,48.29291,10.8,210.2,209.0
2021-03-11T03:22:01,-123.51117,48.28715,12.0,224.3,222.0
2021-03-11T03:24:21,-123.52053,48.28272,11.7,244.0,248.0
2021-03-11T03:26:33,-123.53024,48.28081,9.9,261.0,267.0
2021-03-11T03:29:50,-123.54221,48.28139,8.9,278.4,273.0
2021-03-11T03:25:30,-123.52576,48.28153,11.7,250.2,252.0
2021-03-11T03:27:39,-123.53445,48.2808,9.1,271.8,272.0
2021-03-11T03:31:00,-123.54669,48.28192,9.4,280.9,275.0
2021-03-11T03:33:11,-123.55469,48.28266,8.9,278.4,270.0
2021-03-11T03:36:39,-123.56771,48.28401,9.2,276.4,273.0
2021-03-11T03:34:20,-123.55898,48.28309,9.1,279.0,269.0
2021-03-11T03:32:07,-123.55083,48.28218,8.8,277.1,276.0
2021-03-11T03:35:30,-123.56335,48.28366,9.3,282.0,269.0
2021-03-11T03:38:51,-123.57625,48.28492,9.3,277.0,272.0
2021-03-11T03:40:00,-123.58081,48.28545,9.8,279.8,272.0
2021-03-11T03:41:11,-123.5856,48.28606,9.8,279.4,269.0
2021-03-11T03:42:20,-123.59028,48.28649,9.9,279.4,273.0
2021-03-11T03:43:31,-123.59516,48.28697,10.1,278.1,272.0
2021-03-11T03:45:50,-123.60478,48.28802,10.1,280.0,270.0
2021-03-11T03:46:51,-123.60912,48.28841,10.3,276.4,265.0
2021-03-11T03:44:40,-123.59995,48.28732,10.0,276.3,277.0
2021-03-11T03:47:56,-123.61339,48.28815,9.1,265.3,277.0
2021-03-11T03:53:20,-123.63421,48.29062,10.8,285.3,278.0
2021-03-11T03:48:57,-123.61706,48.28863,8.9,278.2,272.0
2021-03-11T03:51:00,-123.62479,48.289,9.1,277.1,281.0
2021-03-11T03:55:40,-123.64459,48.29257,10.7,282.9,273.0
2021-03-11T03:54:30,-123.63945,48.29172,11.3,287.6,278.0
2021-03-11T03:56:51,-123.6497,48.29329,10.6,283.1,274.0
2021-03-11T03:59:11,-123.65976,48.29477,10.7,281.6,266.0
2021-03-11T04:00:00,-123.66326,48.29517,10.7,280.0,267.0
2021-03-11T03:58:00,-123.65457,48.29398,10.5,282.0,273.0
2021-03-11T04:01:11,-123.66849,48.29577,10.6,279.5,265.0
2021-03-11T04:02:21,-123.67347,48.29626,10.3,278.4,265.0
2021-03-11T04:03:30,-123.6783,48.29681,10.2,279.9,266.0
2021-03-11T04:07:00,-123.69305,48.29834,10.3,279.1,267.0
2021-03-11T04:04:41,-123.68327,48.29734,10.2,278.1,264.0
2021-03-11T04:09:09,-123.70218,48.29931,10.2,278.0,265.0
2021-03-11T04:12:39,-123.71684,48.30073,10.1,278.7,268.0
2021-03-11T04:08:01,-123.69741,48.29883,10.3,279.8,267.0
2021-03-11T04:15:00,-123.72659,48.30169,10.0,279.0,270.0
2021-03-11T04:17:19,-123.73601,48.30263,9.4,275.4,269.0
2021-03-11T04:13:50,-123.72178,48.30119,10.1,277.6,266.0
2021-03-11T04:19:30,-123.74436,48.30352,9.4,278.2,270.0
2021-03-11T04:20:41,-123.74879,48.30375,9.0,274.8,272.0
2021-03-11T04:16:11,-123.73145,48.30226,10.0,280.0,270.0
2021-03-11T04:21:51,-123.75312,48.30411,8.8,278.0,276.0
2021-03-11T04:23:00,-123.75729,48.3046,8.8,280.0,278.0
2021-03-11T04:18:20,-123.73986,48.30295,9.2,280.7,276.0
2021-03-11T04:26:21,-123.76935,48.30589,8.7,279.5,278.0
2021-03-11T04:24:10,-123.7615,48.30506,8.8,278.8,276.0
2021-03-11T04:32:20,-123.79078,48.30849,8.7,281.4,278.0
2021-03-11T04:33:30,-123.79491,48.30905,8.7,280.8,277.0
2021-03-11T04:25:11,-123.76509,48.30543,8.7,278.9,277.0
2021-03-11T04:29:59,-123.78244,48.30747,8.7,279.0,276.0
2021-03-11T04:27:30,-123.77351,48.30645,8.9,281.3,277.0
2021-03-11T04:36:41,-123.80603,48.31049,8.5,282.2,278.0
2021-03-11T04:28:41,-123.77778,48.30696,8.8,279.8,276.0
2021-03-11T04:31:10,-123.78666,48.30795,8.7,280.3,277.0
2021-03-11T04:35:40,-123.80254,48.31,8.6,281.0,277.0
2021-03-11T04:37:51,-123.81,48.31105,8.3,280.9,275.0
2021-03-11T04:43:41,-123.83025,48.31416,8.6,284.1,277.0
2021-03-11T04:34:39,-123.79896,48.30954,8.6,279.9,276.0
2021-03-11T04:42:31,-123.82621,48.31345,8.6,284.3,278.0
2021-03-11T04:39:00,-123.81403,48.31152,8.5,280.1,276.0
2021-03-11T04:47:21,-123.84309,48.31626,8.7,283.7,275.0
2021-03-11T04:46:11,-123.83898,48.3156,8.7,283.2,275.0
2021-03-11T04:40:11,-123.81816,48.31208,8.6,282.1,278.0
2021-03-11T04:41:19,-123.82205,48.31275,8.6,285.6,278.0
2021-03-11T04:45:00,-123.83484,48.31493,8.6,283.9,276.0
2021-03-11T04:49:39,-123.8512,48.3177,8.7,282.9,273.0
2021-03-11T04:48:30,-123.84714,48.31701,8.7,286.6,276.0
2021-03-11T04:57:50,-123.88015,48.3221,8.7,283.8,277.0
2021-03-11T04:59:00,-123.88422,48.3229,8.8,285.9,276.0
2021-03-11T04:50:49,-123.85535,48.31834,8.7,285.2,275.0
2021-03-11T04:56:40,-123.87602,48.32151,8.7,280.5,272.0
2021-03-11T05:03:20,-123.89929,48.32535,8.5,283.3,275.0
2021-03-11T04:53:11,-123.8637,48.31969,8.7,283.2,274.0
2021-03-11T04:55:31,-123.87194,48.32094,8.7,281.7,273.0
2021-03-11T04:54:20,-123.86776,48.32036,8.7,282.9,273.0
2021-03-11T05:01:11,-123.89188,48.3241,8.6,283.6,276.0
2021-03-11T05:00:00,-123.88774,48.32348,8.4,282.4,274.0
2021-03-11T05:02:19,-123.8958,48.32477,8.6,284.8,277.0
2021-03-11T05:13:51,-123.93566,48.33137,8.4,288.5,284.0
2021-03-11T05:06:51,-123.91154,48.32729,8.6,284.3,277.0
2021-03-11T05:05:41,-123.90745,48.32663,8.6,282.6,276.0
2021-03-11T05:09:10,-123.91952,48.32861,8.7,282.6,276.0
2021-03-11T05:10:20,-123.92365,48.32926,8.5,284.4,278.0
2021-03-11T05:15:00,-123.93951,48.33219,8.3,287.0,283.0
2021-03-11T05:18:19,-123.95062,48.33441,8.4,286.1,282.0
2021-03-11T05:12:40,-123.93167,48.33055,8.5,285.6,282.0
2021-03-11T05:20:40,-123.95842,48.33606,8.5,288.5,284.0
2021-03-11T05:25:19,-123.97412,48.3395,8.6,288.5,282.0
2021-03-11T05:21:51,-123.96246,48.33692,8.5,287.3,282.0
2021-03-11T05:19:30,-123.9546,48.3352,8.2,288.6,284.0
2021-03-11T05:23:00,-123.96636,48.33778,8.4,289.5,284.0
2021-03-11T05:27:40,-123.98195,48.34125,8.4,287.7,282.0
2021-03-11T05:30:11,-123.99052,48.34324,8.6,288.8,282.0
2021-03-11T05:28:50,-123.98595,48.34217,8.6,289.6,284.0
2021-03-11T05:31:19,-123.99443,48.34408,9.1,287.6,283.0
2021-03-11T05:32:20,-123.99792,48.34485,8.9,288.4,283.0
2021-03-11T05:24:10,-123.9702,48.33865,8.8,288.2,283.0
2021-03-11T05:35:49,-124.00979,48.34763,9.0,289.6,284.0
2021-03-11T05:38:11,-124.01826,48.34969,8.7,289.3,282.0
2021-03-11T05:33:30,-124.00192,48.34574,8.8,288.5,283.0
2021-03-11T05:44:00,-124.03821,48.35425,8.9,289.1,285.0
2021-03-11T05:37:00,-124.01404,48.34869,9.2,289.5,284.0
2021-03-11T05:45:10,-124.04231,48.35513,9.0,287.7,285.0
2021-03-11T05:49:51,-124.05866,48.35892,9.2,289.9,289.0
2021-03-11T05:39:20,-124.02218,48.35061,8.8,289.4,284.0
2021-03-11T05:47:30,-124.05036,48.35695,8.8,289.2,288.0
2021-03-11T05:48:40,-124.05443,48.35789,8.7,289.5,288.0
2021-03-11T05:54:31,-124.0746,48.36282,8.7,290.7,291.0
2021-03-11T05:42:50,-124.03418,48.35334,8.9,289.7,285.0
2021-03-11T06:00:00,-124.09319,48.3675,8.8,289.9,292.0
2021-03-11T05:46:20,-124.0464,48.35605,9.1,289.4,287.0
2021-03-11T05:57:51,-124.08601,48.36574,8.7,290.2,291.0
2021-03-11T05:51:00,-124.06266,48.35986,9.0,290.0,289.0
2021-03-11T05:55:39,-124.07857,48.36381,8.9,291.0,293.0
2021-03-11T05:58:59,-124.08974,48.36666,8.2,290.4,292.0
2021-03-11T06:01:11,-124.0973,48.36853,9.0,291.3,292.0
2021-03-11T06:03:29,-124.10517,48.37048,9.0,289.8,290.0
2021-03-11T05:53:20,-124.07065,48.36184,8.7,289.9,291.0
2021-03-11T06:02:20,-124.10124,48.36953,8.6,290.1,291.0
2021-03-11T06:05:39,-124.1125,48.37237,8.6,291.5,291.0
2021-03-11T05:56:40,-124.08201,48.36473,8.7,291.7,292.0
2021-03-11T06:09:00,-124.12369,48.37545,8.7,293.0,292.0
2021-03-11T06:04:30,-124.10859,48.37134,9.1,292.0,293.0
2021-03-11T06:11:20,-124.1313,48.3776,8.3,292.7,291.0
2021-03-11T06:12:30,-124.13502,48.37863,8.3,293.2,290.0
2021-03-11T06:14:50,-124.14212,48.38056,7.3,289.3,290.0
2021-03-11T06:07:51,-124.11991,48.37441,8.6,293.6,293.0
2021-03-11T06:18:21,-124.15245,48.38324,7.9,293.2,292.0
2021-03-11T06:20:41,-124.15993,48.38532,8.2,295.3,292.0
2021-03-11T06:21:50,-124.16363,48.38636,8.4,290.0,288.0
2021-03-11T06:06:50,-124.11653,48.37344,9.0,293.3,294.0
2021-03-11T06:24:10,-124.17119,48.38836,8.5,290.8,288.0
2021-03-11T06:22:59,-124.16739,48.38735,8.2,292.1,290.0
2021-03-11T06:10:10,-124.12746,48.37652,8.5,293.0,293.0
2021-03-11T06:16:00,-124.14541,48.38138,7.4,290.7,290.0
2021-03-11T06:34:50,-124.20668,48.39771,8.7,291.6,288.0
2021-03-11T06:17:09,-124.14888,48.38224,7.9,291.6,291.0
2021-03-11T06:28:31,-124.18551,48.39196,8.4,290.6,289.0
2021-03-11T06:32:00,-124.19713,48.39513,8.5,291.8,290.0
2021-03-11T06:29:40,-124.18934,48.39299,8.4,293.1,291.0
2021-03-11T06:33:11,-124.20113,48.39622,8.5,294.4,291.0
2021-03-11T06:30:51,-124.19333,48.39412,9.0,292.7,290.0
2021-03-11T06:37:11,-124.21458,48.39975,8.5,292.5,290.0
2021-03-11T06:36:00,-124.21065,48.3987,8.7,291.2,289.0
2021-03-11T06:39:30,-124.22229,48.40182,8.5,293.0,289.0
2021-03-11T06:25:19,-124.17505,48.38935,8.2,291.6,290.0
2021-03-11T06:41:40,-124.2297,48.40383,9.1,291.3,289.0
2021-03-11T06:38:20,-124.21841,48.4008,8.5,292.9,289.0
2021-03-11T06:42:50,-124.23374,48.40485,8.8,291.0,289.0
2021-03-11T06:47:20,-124.24907,48.40881,8.2,290.3,288.0
2021-03-11T06:46:11,-124.24516,48.40784,9.3,291.9,289.0
2021-03-11T06:40:39,-124.22628,48.4029,8.8,292.1,289.0
2021-03-11T06:48:31,-124.25295,48.40978,8.3,291.2,289.0
2021-03-11T06:44:00,-124.23772,48.40588,8.2,292.6,289.0
2021-03-11T06:45:01,-124.24106,48.40676,9.2,290.7,288.0
2021-03-11T06:57:41,-124.28434,48.41803,8.8,291.9,290.0
2021-03-11T06:56:31,-124.28032,48.41697,8.8,291.9,290.0
2021-03-11T06:58:51,-124.28846,48.41916,8.7,292.9,291.0
2021-03-11T06:51:51,-124.26435,48.4128,8.9,291.3,290.0
2021-03-11T07:00:00,-124.29244,48.42022,8.7,291.1,289.0
2021-03-11T07:03:30,-124.30472,48.42332,8.8,291.7,289.0
2021-03-11T07:01:11,-124.29652,48.42124,9.1,291.1,289.0
2021-03-11T07:04:41,-124.30892,48.42441,9.2,292.4,291.0
2021-03-11T07:05:51,-124.31293,48.4255,8.3,292.8,292.0
2021-03-11T07:07:01,-124.31689,48.42659,8.9,292.3,291.0
2021-03-11T07:11:31,-124.33251,48.43078,8.8,291.9,289.0
2021-03-11T06:53:00,-124.26834,48.41385,9.2,292.4,290.0
2021-03-11T07:15:00,-124.34441,48.43393,9.3,292.7,291.0
2021-03-11T07:16:10,-124.34838,48.43498,9.1,291.7,290.0
2021-03-11T07:12:41,-124.33651,48.43182,8.6,292.1,291.0
2021-03-11T06:55:21,-124.27618,48.41589,8.9,290.9,289.0
2021-03-11T07:17:20,-124.35238,48.43606,8.4,293.8,292.0
2021-03-11T07:18:31,-124.35632,48.43712,8.9,291.4,290.0
2021-03-11T07:19:40,-124.36026,48.43817,8.5,292.9,292.0
2021-03-11T07:08:11,-124.32098,48.42768,9.5,291.4,290.0
2021-03-11T07:02:20,-124.30067,48.42229,9.0,290.8,289.0
2021-03-11T07:24:20,-124.3758,48.44217,8.6,290.4,291.0
2021-03-11T07:21:50,-124.36745,48.44004,8.4,290.7,291.0
2021-03-11T07:23:11,-124.37195,48.44117,8.5,290.5,292.0
2021-03-11T07:26:41,-124.38339,48.4441,8.5,288.5,290.0
2021-03-11T07:27:51,-124.3871,48.44492,7.8,290.1,294.0
2021-03-11T07:29:00,-124.39081,48.44588,8.2,290.6,294.0
2021-03-11T07:30:09,-124.39459,48.44685,8.3,291.7,294.0
2021-03-11T07:10:30,-124.329,48.42984,9.1,292.5,291.0
2021-03-11T07:34:41,-124.40945,48.45101,8.4,292.8,295.0
2021-03-11T07:32:20,-124.40175,48.44882,8.7,293.4,294.0
2021-03-11T07:33:30,-124.40555,48.44988,8.7,293.7,295.0
2021-03-11T07:13:51,-124.34046,48.43289,8.6,291.5,291.0
2021-03-11T07:25:30,-124.37953,48.44313,8.3,291.8,293.0
2021-03-11T07:39:21,-124.42457,48.45554,8.6,290.1,291.0
2021-03-11T07:41:30,-124.43182,48.45747,8.6,291.4,291.0
2021-03-11T07:20:49,-124.36413,48.43922,8.5,291.2,291.0
2021-03-11T07:40:29,-124.42845,48.45656,8.6,292.5,293.0
2021-03-11T07:31:11,-124.39792,48.44774,8.6,293.0,295.0
2021-03-11T07:43:50,-124.43963,48.45971,8.9,293.6,292.0
2021-03-11T07:47:21,-124.45143,48.4631,8.8,293.3,290.0
2021-03-11T07:49:31,-124.45856,48.46516,8.6,293.2,291.0
2021-03-11T07:38:10,-124.42069,48.45441,8.7,293.7,295.0
2021-03-11T07:48:30,-124.45527,48.46419,8.7,295.2,292.0
2021-03-11T07:56:30,-124.48192,48.47211,8.7,292.4,290.0
2021-03-11T07:46:11,-124.44749,48.462,8.6,293.9,292.0
2021-03-11T07:35:50,-124.41319,48.45213,8.7,296.5,296.0
2021-03-11T07:57:40,-124.48574,48.47321,8.8,294.2,291.0
2021-03-11T07:37:01,-124.41691,48.45331,8.3,294.6,295.0
2021-03-11T07:58:51,-124.48971,48.47439,8.9,294.7,292.0
2021-03-11T08:01:00,-124.49682,48.47648,8.7,293.1,290.0
2021-03-11T07:59:59,-124.49349,48.47554,8.7,293.8,290.0
2021-03-11T07:51:51,-124.46631,48.46741,8.5,295.7,292.0
2021-03-11T07:53:00,-124.47005,48.4686,9.1,294.7,292.0
2021-03-11T07:42:40,-124.43573,48.45854,8.4,293.2,293.0
2021-03-11T08:06:51,-124.51586,48.48208,8.3,291.5,288.0
2021-03-11T08:02:10,-124.50067,48.47758,8.5,293.4,289.0
2021-03-11T08:03:20,-124.50445,48.47867,8.6,294.8,292.0
2021-03-11T07:54:10,-124.47404,48.46979,8.9,293.9,291.0
2021-03-11T07:55:21,-124.47803,48.471,9.0,293.9,290.0
2021-03-11T08:11:31,-124.5304,48.4864,8.0,293.0,287.0
2021-03-11T08:16:09,-124.54539,48.49048,8.4,291.7,286.0
2021-03-11T08:17:10,-124.5487,48.49137,8.9,292.8,287.0
2021-03-11T08:21:40,-124.5638,48.49537,8.3,293.2,288.0
2021-03-11T08:22:50,-124.56776,48.49645,8.3,289.4,286.0
2021-03-11T08:09:11,-124.52335,48.48434,7.8,294.6,287.0
2021-03-11T08:13:51,-124.53786,48.4885,8.5,294.5,288.0
2021-03-11T08:26:21,-124.58004,48.4995,8.8,291.5,288.0
2021-03-11T08:29:50,-124.59229,48.50247,9.2,290.1,289.0
2021-03-11T08:30:59,-124.59634,48.50347,8.8,289.5,288.0
2021-03-11T08:05:41,-124.51208,48.48103,8.3,293.8,289.0
2021-03-11T08:08:00,-124.51958,48.48313,8.3,294.3,289.0
2021-03-11T08:20:39,-124.56038,48.49445,8.7,290.6,286.0
2021-03-11T08:24:00,-124.57183,48.49745,8.3,290.2,286.0
2021-03-11T08:10:21,-124.52677,48.48539,7.7,294.4,288.0
2021-03-11T08:34:30,-124.60861,48.50639,8.8,288.4,288.0
2021-03-11T08:12:40,-124.53409,48.4874,8.3,292.2,287.0
2021-03-11T08:39:00,-124.62414,48.51022,8.5,292.8,291.0
2021-03-11T08:27:30,-124.58412,48.50052,9.0,290.3,287.0
2021-03-11T08:37:51,-124.62026,48.50918,8.9,288.3,290.0
2021-03-11T08:40:11,-124.62811,48.51115,8.5,288.1,288.0
2021-03-11T08:44:51,-124.6432,48.51518,8.4,291.7,293.0
2021-03-11T08:47:11,-124.65089,48.51718,8.3,291.4,294.0
2021-03-11T08:48:20,-124.65456,48.51822,8.6,294.1,294.0
2021-03-11T08:25:10,-124.57585,48.49841,9.2,289.8,286.0
2021-03-11T08:41:20,-124.63188,48.512,7.8,290.2,293.0
2021-03-11T08:28:40,-124.58818,48.50152,9.1,289.7,287.0
2021-03-11T08:46:00,-124.647,48.51615,8.6,291.3,292.0
2021-03-11T08:32:11,-124.60057,48.50444,8.6,289.6,289.0
2021-03-11T08:58:41,-124.68847,48.52772,8.5,294.3,294.0
2021-03-11T08:53:00,-124.66987,48.52246,8.5,292.2,294.0
2021-03-11T08:50:40,-124.66215,48.52034,8.1,291.3,294.0
2021-03-11T08:36:41,-124.6162,48.50822,9.3,290.7,289.0
2021-03-11T08:56:20,-124.68069,48.52559,8.8,292.5,292.0
2021-03-11T08:55:11,-124.67701,48.52452,8.6,293.6,295.0
2021-03-11T08:59:51,-124.69231,48.5288,8.5,293.3,294.0
2021-03-11T08:54:01,-124.67316,48.52336,8.6,295.4,295.0
2021-03-11T09:00:11,-124.69347,48.52912,8.6,293.0,293.0
2021-03-11T09:06:53,-124.71384,48.5339,6.9,289.0,290.0
2021-03-11T08:42:30,-124.63564,48.51304,8.5,294.3,295.0
2021-03-11T08:43:40,-124.63934,48.51413,8.2,293.4,294.0
2021-03-11T09:01:20,-124.69728,48.5301,8.3,289.9,292.0
2021-03-11T09:13:04,-124.72995,48.53823,6.5,292.5,291.0
2021-03-11T09:02:29,-124.70139,48.53106,8.3,289.4,293.0
2021-03-11T09:12:02,-124.72728,48.53749,6.6,292.8,293.0
2021-03-11T09:05:51,-124.7111,48.53323,6.9,288.7,293.0
2021-03-11T09:07:54,-124.71683,48.53464,6.6,290.9,292.0
2021-03-11T08:49:31,-124.65842,48.51934,8.3,294.4,293.0
2021-03-11T09:16:09,-124.73737,48.54022,7.0,293.2,293.0
2021-03-11T08:51:51,-124.66606,48.52142,8.4,293.0,294.0
2021-03-11T09:11:00,-124.72464,48.53672,6.9,292.5,292.0
2021-03-11T09:19:31,-124.74622,48.54269,6.6,292.8,292.0
2021-03-11T09:21:50,-124.75224,48.54446,6.9,293.6,292.0
2021-03-11T09:25:11,-124.76093,48.54676,6.6,291.1,289.0
2021-03-11T09:26:20,-124.76398,48.54755,6.7,291.8,290.0
2021-03-11T09:17:10,-124.73996,48.54096,6.8,293.5,292.0
2021-03-11T09:18:21,-124.74301,48.5418,6.8,292.2,292.0
2021-03-11T09:04:41,-124.70779,48.53248,7.3,289.3,291.0
2021-03-11T09:20:41,-124.74922,48.54354,6.9,294.6,294.0
2021-03-11T09:31:01,-124.77638,48.55062,6.6,289.9,290.0
2021-03-11T09:22:51,-124.75487,48.54518,6.6,291.9,290.0
2021-03-11T09:24:00,-124.75784,48.54593,6.8,291.7,291.0
2021-03-11T09:09:59,-124.72197,48.53598,6.4,290.4,294.0
2021-03-11T09:29:50,-124.77325,48.54985,6.9,290.2,291.0
2021-03-11T09:36:50,-124.79165,48.55447,6.8,291.4,292.0
2021-03-11T09:38:00,-124.79256,48.55474,6.7,290.9,292.0
2021-03-11T09:14:05,-124.73268,48.539,6.6,291.4,291.0
2021-03-11T09:34:30,-124.78552,48.55282,6.6,293.0,294.0
2021-03-11T09:35:40,-124.78854,48.55364,6.8,293.2,295.0
2021-03-11T09:39:10,-124.79831,48.55633,7.0,292.1,295.0
2021-03-11T09:40:11,-124.80099,48.55705,7.0,292.7,294.0
2021-03-11T09:48:20,-124.82231,48.56285,7.2,291.4,291.0
2021-03-11T09:42:30,-124.80719,48.5587,7.1,291.8,293.0
2021-03-11T09:43:40,-124.81028,48.55956,6.9,293.8,295.0
2021-03-11T09:41:21,-124.80407,48.55787,6.9,291.6,294.0
2021-03-11T09:49:30,-124.82608,48.56391,6.9,292.5,291.0
2021-03-11T09:46:01,-124.81651,48.56137,6.9,291.7,289.0
2021-03-11T09:27:31,-124.76707,48.54834,6.8,291.4,290.0
2021-03-11T09:52:59,-124.83475,48.56617,7.0,293.5,291.0
2021-03-11T09:47:11,-124.81921,48.56201,7.1,292.6,291.0
2021-03-11T09:51:50,-124.83164,48.56534,6.9,291.6,290.0
2021-03-11T09:32:11,-124.77952,48.55128,6.8,287.8,291.0
2021-03-11T09:33:20,-124.78254,48.55199,6.7,292.1,295.0
2021-03-11T09:58:40,-124.85035,48.57034,7.0,291.2,291.0
2021-03-11T09:55:10,-124.84092,48.56786,6.8,292.3,291.0
2021-03-11T10:00:01,-124.85349,48.57114,7.0,290.6,290.0
2021-03-11T10:01:10,-124.85722,48.57213,7.1,291.0,291.0
2021-03-11T09:56:21,-124.8435,48.5685,6.9,291.5,291.0
2021-03-11T09:57:30,-124.84663,48.56933,7.0,291.2,290.0
2021-03-11T10:07:01,-124.87209,48.57581,7.0,291.1,291.0
2021-03-11T10:05:51,-124.86952,48.5752,6.6,292.1,292.0
2021-03-11T10:02:21,-124.85986,48.57271,6.8,290.4,290.0
2021-03-11T10:11:39,-124.88517,48.57942,7.0,292.5,292.0
2021-03-11T10:04:41,-124.86607,48.5742,6.6,292.3,293.0
2021-03-11T10:09:21,-124.87845,48.5775,6.9,292.7,292.0
2021-03-11T09:54:01,-124.83798,48.56709,6.7,292.1,290.0
2021-03-11T10:13:50,-124.8911,48.58108,7.0,291.5,289.0
2021-03-11T09:59:50,-124.85299,48.57102,6.9,291.6,289.0
2021-03-11T10:16:01,-124.89645,48.58248,7.1,292.1,290.0
2021-03-11T10:19:21,-124.90574,48.58506,7.8,294.2,292.0
2021-03-11T10:22:40,-124.91608,48.58811,7.8,293.9,290.0
2021-03-11T10:18:12,-124.90293,48.58428,7.3,293.2,290.0
2021-03-11T10:21:31,-124.91206,48.5869,7.7,293.3,290.0
2021-03-11T10:17:11,-124.90016,48.58352,7.0,291.8,288.0
2021-03-11T10:26:09,-124.92646,48.59069,7.4,290.4,287.0
2021-03-11T10:25:01,-124.92207,48.58959,7.5,290.0,289.0
2021-03-11T10:10:31,-124.88211,48.57859,7.1,293.7,292.0
2021-03-11T10:30:50,-124.94027,48.59422,7.6,291.1,288.0
2021-03-11T10:12:40,-124.88793,48.58022,7.0,293.4,291.0
2021-03-11T10:33:11,-124.94708,48.5959,7.7,290.5,287.0
2021-03-11T10:32:01,-124.94367,48.59504,7.2,290.0,287.0
2021-03-11T10:15:00,-124.89373,48.58173,7.0,292.7,290.0
2021-03-11T10:37:10,-124.95911,48.59913,7.8,291.4,289.0
2021-03-11T10:34:19,-124.95051,48.59682,7.8,292.0,289.0
2021-03-11T10:29:40,-124.93679,48.59331,7.6,290.9,290.0
2021-03-11T10:35:30,-124.95404,48.59782,8.0,293.2,289.0
2021-03-11T10:39:30,-124.96613,48.60095,7.8,291.4,287.0
2021-03-11T10:43:01,-124.97615,48.60353,7.9,292.7,289.0
2021-03-11T10:38:20,-124.96263,48.60004,7.7,291.1,288.0
2021-03-11T10:27:20,-124.92992,48.59158,7.5,291.1,289.0
2021-03-11T10:47:41,-124.99089,48.60771,7.8,292.9,288.0
2021-03-11T10:45:20,-124.9838,48.60568,8.0,291.7,287.0
2021-03-11T10:40:40,-124.96964,48.60188,7.8,291.7,288.0
2021-03-11T10:44:10,-124.9802,48.6047,7.7,292.3,289.0
2021-03-11T10:46:30,-124.98735,48.60669,8.0,293.5,290.0
2021-03-11T10:54:40,-125.0118,48.61368,7.6,291.7,287.0
2021-03-11T10:48:51,-124.99439,48.60867,7.9,292.3,289.0
2021-03-11T10:50:00,-124.99784,48.60963,7.7,292.5,287.0
2021-03-11T10:53:31,-125.00843,48.61273,7.7,295.5,290.0
2021-03-11T10:41:51,-124.97319,48.60278,7.6,291.3,288.0
2021-03-11T10:55:51,-125.01541,48.61463,7.9,292.4,287.0
2021-03-11T10:58:11,-125.02241,48.61639,7.4,289.7,285.0
2021-03-11T11:03:31,-125.0394,48.62064,8.2,291.3,288.0
2021-03-11T10:59:20,-125.02604,48.61727,8.1,289.9,286.0
2021-03-11T11:01:11,-125.03199,48.61876,7.9,292.7,287.0
2021-03-11T11:05:50,-125.04675,48.62239,8.2,293.4,290.0
2021-03-11T11:04:40,-125.04307,48.62147,7.8,288.7,285.0
2021-03-11T11:08:09,-125.05409,48.62457,8.2,294.5,290.0
2021-03-11T10:51:10,-125.00138,48.61062,7.9,293.9,288.0
2021-03-11T10:52:19,-125.00492,48.61163,7.8,294.4,289.0
2021-03-11T11:09:21,-125.0578,48.62568,8.0,294.0,288.0
2021-03-11T11:10:30,-125.06145,48.62676,8.4,295.0,289.0
2021-03-11T11:19:09,-125.08937,48.63485,8.6,296.3,290.0
2021-03-11T11:00:00,-125.02822,48.61778,8.3,289.6,285.0
2021-03-11T11:15:00,-125.07566,48.63091,8.5,293.3,289.0
2021-03-11T11:02:19,-125.03561,48.61969,8.0,291.7,287.0
2021-03-11T11:22:14,-125.09933,48.63804,8.4,295.8,289.0
2021-03-11T11:24:16,-125.10585,48.64012,8.6,297.0,289.0
2021-03-11T11:07:00,-125.05041,48.62348,8.3,294.1,290.0
2021-03-11T11:26:20,-125.11256,48.64234,8.8,298.0,292.0
2021-03-11T11:25:18,-125.1092,48.6412,8.5,296.1,289.0
2021-03-11T11:21:13,-125.09601,48.63697,8.7,295.4,290.0
2021-03-11T11:28:24,-125.11924,48.64465,8.6,298.2,293.0
2021-03-11T11:11:40,-125.06509,48.62788,8.3,294.1,288.0
2021-03-11T11:32:32,-125.13241,48.6494,8.7,299.3,297.0
2021-03-11T11:16:02,-125.07917,48.63186,8.7,292.4,288.0
2021-03-11T11:33:34,-125.13551,48.65081,8.8,305.1,300.0
2021-03-11T11:34:36,-125.13862,48.65234,8.9,306.0,299.0
2021-03-11T11:29:26,-125.12257,48.64589,8.9,299.2,293.0
2021-03-11T11:30:28,-125.12578,48.64706,8.8,298.9,293.0
2021-03-11T11:36:42,-125.14503,48.65534,9.0,306.4,301.0
2021-03-11T11:31:30,-125.12913,48.64822,8.5,297.9,293.0
2021-03-11T11:35:40,-125.14182,48.65381,8.9,305.0,299.0
2021-03-11T11:23:15,-125.10252,48.63905,8.4,294.7,288.0
2021-03-11T11:40:48,-125.15749,48.6612,8.8,304.4,299.0
2021-03-11T11:41:50,-125.1607,48.66264,8.9,304.5,299.0
2021-03-11T11:38:44,-125.15114,48.65829,9.0,305.5,299.0
2021-03-11T11:45:30,-125.17171,48.66771,8.8,303.8,298.0
2021-03-11T11:47:34,-125.17813,48.67052,8.8,303.1,299.0
2021-03-11T11:48:35,-125.18106,48.67182,8.5,303.8,299.0
2021-03-11T11:46:32,-125.17494,48.66915,8.9,304.5,300.0
2021-03-11T11:50:38,-125.18733,48.67461,8.7,304.6,300.0
2021-03-11T11:52:41,-125.19356,48.67712,8.6,301.9,301.0
2021-03-11T11:53:42,-125.19666,48.67849,8.5,304.2,299.0
2021-03-11T11:54:43,-125.19973,48.67971,8.5,303.5,302.0
2021-03-11T11:49:36,-125.18415,48.67318,8.7,304.3,300.0
2021-03-11T11:55:44,-125.20295,48.68106,8.8,301.5,302.0
2021-03-11T11:37:43,-125.14804,48.65682,8.9,306.8,301.0
2021-03-11T11:39:46,-125.15438,48.65976,8.8,304.8,299.0
2021-03-11T11:58:52,-125.21265,48.68525,9.3,304.7,303.0
2021-03-11T11:56:46,-125.20613,48.68239,8.6,301.8,301.0
2021-03-11T11:42:51,-125.16369,48.664,8.8,304.6,300.0
2021-03-11T12:02:06,-125.22251,48.69041,9.3,308.9,307.0
2021-03-11T12:03:08,-125.22574,48.69211,9.5,307.9,305.0
2021-03-11T11:51:40,-125.19041,48.67592,8.7,301.8,298.0
2021-03-11T12:06:15,-125.23544,48.69723,9.6,308.5,305.0
2021-03-11T12:01:04,-125.21943,48.68876,9.2,308.3,306.0
2021-03-11T12:05:12,-125.23217,48.69549,9.7,308.5,305.0
2021-03-11T12:07:16,-125.23871,48.69889,9.6,307.5,304.0
2021-03-11T12:08:18,-125.24203,48.70061,9.6,307.9,307.0
2021-03-11T12:09:20,-125.24525,48.70228,9.6,308.4,305.0
2021-03-11T12:04:10,-125.22886,48.69379,9.4,309.4,306.0
2021-03-11T12:12:28,-125.25489,48.70734,9.4,311.5,310.0
2021-03-11T11:57:48,-125.20921,48.68374,8.6,303.0,301.0
2021-03-11T12:13:30,-125.25793,48.70919,9.6,313.0,312.0
2021-03-11T12:15:34,-125.26396,48.7129,9.5,311.8,310.0
2021-03-11T11:59:53,-125.21578,48.68679,9.3,307.4,306.0
2021-03-11T12:00:00,-125.21612,48.68699,9.3,307.4,307.0
2021-03-11T12:16:36,-125.26684,48.71474,9.3,313.5,310.0
2021-03-11T12:10:24,-125.24853,48.70395,9.3,307.6,305.0
2021-03-11T12:14:32,-125.26084,48.71104,9.6,314.1,311.0
2021-03-11T12:19:42,-125.27587,48.72038,9.5,314.0,311.0
2021-03-11T12:20:44,-125.27884,48.7223,9.5,314.0,311.0
2021-03-11T12:22:50,-125.28491,48.72615,9.3,315.0,310.0
2021-03-11T12:24:53,-125.29059,48.72984,9.4,314.2,310.0
2021-03-11T12:17:38,-125.26984,48.7166,9.5,312.4,309.0
2021-03-11T12:23:51,-125.28768,48.728,9.4,315.5,310.0
2021-03-11T12:21:49,-125.282,48.72427,9.6,313.4,309.0
2021-03-11T12:29:02,-125.30202,48.73756,9.1,314.1,308.0
2021-03-11T12:32:08,-125.31069,48.74232,9.5,310.9,306.0
2021-03-11T12:26:58,-125.29641,48.73371,9.4,316.1,312.0
2021-03-11T12:35:13,-125.32039,48.74792,9.3,312.1,306.0
2021-03-11T12:28:00,-125.29922,48.73568,9.5,316.7,312.0
2021-03-11T12:33:10,-125.31437,48.74444,9.4,309.6,306.0
2021-03-11T12:30:06,-125.30525,48.73936,9.4,309.6,305.0
2021-03-11T12:34:12,-125.3175,48.74621,9.3,310.9,306.0
2021-03-11T12:31:07,-125.30823,48.74099,9.2,310.1,305.0
2021-03-11T12:36:14,-125.32343,48.74966,9.2,311.4,305.0
2021-03-11T12:41:25,-125.33861,48.75861,9.5,312.1,306.0
2021-03-11T12:42:26,-125.34153,48.76042,9.3,313.3,307.0
2021-03-11T12:18:40,-125.2729,48.71848,9.7,313.0,311.0
2021-03-11T12:37:16,-125.32646,48.75142,9.4,311.8,306.0
2021-03-11T12:40:22,-125.3356,48.7568,9.4,311.4,306.0
2021-03-11T12:38:19,-125.32952,48.75319,9.3,311.4,305.0
2021-03-11T12:48:38,-125.361,48.77175,10.5,314.3,315.0
2021-03-11T12:51:44,-125.37093,48.77793,10.5,312.2,313.0
2021-03-11T12:45:35,-125.35139,48.76582,10.3,306.6,310.0
2021-03-11T12:46:36,-125.35468,48.76778,10.3,312.3,314.0
2021-03-11T12:55:50,-125.38408,48.78579,10.4,314.0,314.0
2021-03-11T12:47:37,-125.35774,48.76973,10.2,313.8,314.0
2021-03-11T12:50:42,-125.36755,48.77587,10.5,312.8,313.0
2021-03-11T12:54:48,-125.38079,48.78373,10.4,311.9,314.0
2021-03-11T12:52:45,-125.37416,48.77983,10.4,311.4,312.0
2021-03-11T12:49:40,-125.3636,48.77338,10.5,314.2,313.0
2021-03-11T13:05:18,-125.41433,48.80459,10.7,311.9,312.0
2021-03-11T12:58:21,-125.39212,48.79076,10.5,314.7,315.0
2021-03-11T12:57:20,-125.38896,48.78872,10.4,313.0,314.0
2021-03-11T12:39:20,-125.3325,48.75498,9.4,312.5,306.0
2021-03-11T12:43:28,-125.34464,48.7622,9.4,310.5,306.0
2021-03-11T13:00:00,-125.39732,48.79411,10.3,314.3,313.0
2021-03-11T12:59:30,-125.3957,48.79308,10.3,314.0,314.0
2021-03-11T13:12:33,-125.43712,48.81933,10.3,313.7,314.0
2021-03-11T13:02:13,-125.40426,48.79848,10.6,314.0,314.0
2021-03-11T13:03:15,-125.40755,48.80055,10.3,313.4,314.0
2021-03-11T13:09:25,-125.42736,48.81301,10.4,314.8,315.0
2021-03-11T13:11:30,-125.43389,48.8173,10.4,315.0,315.0
2021-03-11T13:10:28,-125.43061,48.81513,10.5,314.6,314.0
2021-03-11T13:06:20,-125.41771,48.80669,10.6,313.7,314.0
2021-03-11T12:53:46,-125.37747,48.78177,10.3,312.2,312.0
2021-03-11T13:14:36,-125.44326,48.82332,9.8,314.3,314.0
2021-03-11T13:07:21,-125.42086,48.80876,10.5,315.0,315.0
2021-03-11T13:08:22,-125.42409,48.81084,10.6,314.5,315.0
2021-03-11T13:17:42,-125.4525,48.82939,10.1,315.5,315.0
2021-03-11T13:01:10,-125.40035,48.79595,10.3,314.2,315.0
2021-03-11T13:20:48,-125.46143,48.8349,10.1,312.5,312.0
2021-03-11T13:13:35,-125.43967,48.82093,10.1,314.9,315.0
2021-03-11T13:04:17,-125.41089,48.80258,10.5,312.5,313.0
2021-03-11T13:18:44,-125.45506,48.83097,10.1,313.4,312.0
2021-03-11T13:30:08,-125.49019,48.85254,9.9,314.4,313.0
2021-03-11T13:21:51,-125.46534,48.83725,10.0,311.5,311.0
2021-03-11T13:32:12,-125.49633,48.85725,9.8,321.0,319.0
2021-03-11T13:24:56,-125.47503,48.84295,10.1,311.6,312.0
2021-03-11T13:27:00,-125.48076,48.84643,10.0,313.9,313.0
2021-03-11T13:28:02,-125.48444,48.84888,10.0,314.8,313.0
2021-03-11T13:23:54,-125.4718,48.84106,10.0,311.3,311.0
2021-03-11T13:29:05,-125.48699,48.85048,9.9,313.8,313.0
2021-03-11T13:38:24,-125.51018,48.87147,10.0,336.6,334.0
2021-03-11T13:25:58,-125.47819,48.84489,10.0,312.8,312.0
2021-03-11T13:34:16,-125.5012,48.86116,9.9,321.4,320.0
2021-03-11T13:41:30,-125.5119,48.87909,7.7,8.8,12.0
2021-03-11T13:33:15,-125.49906,48.85945,9.9,320.8,319.0
2021-03-11T13:16:40,-125.44943,48.82737,10.1,315.8,315.0
2021-03-11T13:39:27,-125.51128,48.87363,9.6,345.6,345.0
2021-03-11T13:40:28,-125.51219,48.87628,9.3,349.0,353.0
2021-03-11T13:35:17,-125.50422,48.86383,9.9,323.6,323.0
2021-03-11T13:37:20,-125.5081,48.86823,9.9,334.4,333.0
2021-03-11T13:46:40,-125.50528,48.88712,6.5,31.3,29.0
2021-03-11T13:48:44,-125.5024,48.89028,6.4,33.1,33.0
2021-03-11T13:22:52,-125.46849,48.83913,9.9,312.0,312.0
2021-03-11T13:47:43,-125.50381,48.88873,6.4,29.8,28.0
2021-03-11T13:56:20,-125.49191,48.90132,5.8,13.9,17.0
2021-03-11T13:54:10,-125.49317,48.89831,6.1,37.7,32.0
2021-03-11T13:31:10,-125.49311,48.85459,9.8,319.3,319.0
2021-03-11T14:01:03,-125.49228,48.90866,6.0,316.1,305.0
2021-03-11T13:55:14,-125.49231,48.89992,5.7,15.4,11.0
2021-03-11T13:57:21,-125.49113,48.9029,5.9,16.8,13.0
2021-03-11T13:58:33,-125.49041,48.90519,5.9,6.9,359.0
2021-03-11T13:36:18,-125.50647,48.86623,9.8,328.9,328.0
2021-03-11T14:02:10,-125.49462,48.90976,6.1,305.8,307.0
2021-03-11T14:10:56,-125.5133,48.91936,6.2,315.5,314.0
2021-03-11T13:43:35,-125.50987,48.88237,6.6,31.7,30.0
2021-03-11T14:06:16,-125.50368,48.91369,6.3,303.0,305.0
2021-03-11T14:05:15,-125.50137,48.91276,6.3,300.8,300.0
2021-03-11T14:07:17,-125.50624,48.91501,6.4,307.7,308.0
2021-03-11T14:17:08,-125.52176,48.92683,4.8,325.7,323.0
2021-03-11T14:14:02,-125.51785,48.92333,5.8,329.5,324.0
2021-03-11T13:49:49,-125.50038,48.89214,6.3,35.0,33.0
2021-03-11T14:16:06,-125.52055,48.9257,4.9,324.3,321.0
2021-03-11T14:15:04,-125.51923,48.92457,5.2,320.9,318.0
2021-03-11T13:53:00,-125.49515,48.89672,6.8,40.2,39.0
2021-03-11T14:19:12,-125.52392,48.9292,4.8,330.0,326.0
2021-03-11T14:27:34,-125.53348,48.93705,4.1,319.2,316.0
2021-03-11T14:18:10,-125.52288,48.928,4.8,329.6,327.0
2021-03-11T14:29:37,-125.5359,48.93864,3.8,310.7,305.0
2021-03-11T14:35:48,-125.54094,48.94271,2.8,9.3,19.0
2021-03-11T14:24:30,-125.52994,48.93447,4.1,311.6,308.0
2021-03-11T14:26:33,-125.53232,48.93615,4.1,319.6,317.0
2021-03-11T14:38:54,-125.54107,48.94504,2.9,328.1,319.0
2021-03-11T14:30:38,-125.53709,48.93928,3.4,309.4,306.0
2021-03-11T14:39:56,-125.5419,48.9457,3.1,317.9,311.0
2021-03-11T14:34:46,-125.54089,48.9419,3.0,337.5,347.0
2021-03-11T14:08:20,-125.508,48.91597,6.4,311.7,309.0
2021-03-11T14:41:59,-125.54398,48.94688,3.2,310.4,307.0
2021-03-11T14:09:22,-125.51002,48.91719,6.3,312.6,309.0
2021-03-11T14:44:02,-125.54626,48.94785,3.1,296.2,293.0
2021-03-11T14:37:53,-125.54054,48.9443,2.8,349.2,337.0
2021-03-11T14:11:58,-125.51483,48.92039,6.3,318.0,318.0
2021-03-11T14:49:14,-125.55229,48.95009,3.1,296.6,291.0
2021-03-11T14:47:10,-125.54988,48.94922,3.2,297.1,293.0
2021-03-11T14:43:01,-125.54505,48.94744,3.2,304.3,294.0
2021-03-11T14:46:09,-125.54867,48.94878,3.2,300.4,296.0
2021-03-11T14:48:12,-125.55109,48.94965,3.2,300.6,296.0
2021-03-11T14:57:30,-125.5578,48.95058,0.9,172.6,149.0
2021-03-11T14:22:26,-125.5276,48.93301,4.4,326.5,320.0
2021-03-11T14:51:19,-125.55481,48.9507,2.9,285.8,281.0
2021-03-11T14:23:28,-125.52861,48.93367,4.1,315.0,309.0
2021-03-11T14:56:28,-125.55778,48.95081,0.9,209.3,183.0
2021-03-11T14:53:22,-125.55634,48.95092,1.4,277.6,272.0
2021-03-11T14:54:24,-125.55696,48.95098,1.4,281.1,281.0
2021-03-11T14:58:33,-125.5577,48.9504,0.7,144.5,120.0
2021-03-11T14:25:32,-125.5312,48.9353,4.1,316.7,316.0
2021-03-11T14:55:26,-125.55748,48.951,1.2,252.7,241.0
2021-03-11T14:32:43,-125.5393,48.94047,3.1,312.6,314.0
2021-03-11T14:33:44,-125.5402,48.94113,3.1,320.6,322.0
2021-03-11T14:45:05,-125.54743,48.94829,3.1,301.1,297.0
2021-03-11T14:50:16,-125.55354,48.95044,3.1,290.6,285.0
2021-03-11T14:52:20,-125.55572,48.95085,1.7,283.4,276.0
2021-03-11T02:02:07,-123.37313,48.42551,3.1,218.8,226.0
2021-03-11T02:03:11,-123.3743,48.42508,3.0,248.6,257.0
2021-03-11T02:07:40,-123.38031,48.4244,3.4,256.6,255.0
2021-03-11T02:10:09,-123.38377,48.42435,3.3,274.9,275.0
2021-03-11T02:14:38,-123.39054,48.42342,4.0,211.9,199.0
2021-03-11T02:15:41,-123.39122,48.42228,4.3,201.2,197.0
2021-03-11T02:16:51,-123.39208,48.42098,4.4,205.9,205.0
2021-03-11T02:20:20,-123.39483,48.41707,4.6,206.6,208.0
2021-03-11T02:40:30,-123.43143,48.38273,9.0,209.8,204.0
2021-03-11T02:45:00,-123.43981,48.37275,9.1,209.3,203.0
2021-03-11T02:46:10,-123.44204,48.37018,9.2,210.8,205.0
2021-03-11T02:47:11,-123.44408,48.36802,9.2,212.1,205.0
2021-03-11T03:07:59,-123.48294,48.32137,9.4,210.5,199.0
2021-03-11T03:23:11,-123.51552,48.28457,11.9,231.2,233.0
2021-03-11T03:28:40,-123.53802,48.28103,8.4,275.2,272.0
2021-03-11T03:37:40,-123.57158,48.28455,9.6,281.5,270.0
2021-03-11T03:49:59,-123.62096,48.28876,9.0,274.6,277.0
2021-03-11T03:52:10,-123.62919,48.28972,9.7,283.9,279.0
2021-03-11T04:05:51,-123.68824,48.29781,10.4,278.4,266.0
2021-03-11T04:10:20,-123.70718,48.29978,10.2,278.1,265.0
2021-03-11T04:11:30,-123.71206,48.30025,10.1,278.2,267.0
2021-03-11T04:52:00,-123.85953,48.31903,8.9,283.5,273.0
2021-03-11T05:04:30,-123.90327,48.32597,8.5,283.7,276.0
2021-03-11T05:08:01,-123.91556,48.32798,8.5,284.7,278.0
2021-03-11T05:11:31,-123.92774,48.32991,8.5,283.6,279.0
2021-03-11T05:16:01,-123.94286,48.33288,8.6,287.0,284.0
2021-03-11T05:17:11,-123.94682,48.33369,8.3,286.3,283.0
2021-03-11T05:26:31,-123.97817,48.34043,8.5,288.7,282.0
2021-03-11T05:34:41,-124.00582,48.3467,8.8,290.6,284.0
2021-03-11T05:40:30,-124.02615,48.35154,8.9,287.8,282.0
2021-03-11T05:41:40,-124.03011,48.35242,8.8,288.5,283.0
2021-03-11T05:52:10,-124.06669,48.36087,8.6,290.0,290.0
2021-03-11T06:13:40,-124.13858,48.37964,8.1,293.1,290.0
2021-03-11T06:19:30,-124.15615,48.38428,8.4,292.1,290.0
2021-03-11T06:26:20,-124.17832,48.39019,8.6,290.9,290.0
2021-03-11T06:27:30,-124.18227,48.39116,8.3,290.6,289.0
2021-03-11T06:49:39,-124.25683,48.41077,8.9,291.4,291.0
2021-03-11T06:50:50,-124.26097,48.4119,8.9,292.2,291.0
2021-03-11T07:09:20,-124.32501,48.42876,9.0,293.0,291.0
2021-03-11T07:44:51,-124.44301,48.46068,8.7,293.1,292.0
2021-03-11T07:50:40,-124.46235,48.46624,8.8,293.3,291.0
2021-03-11T08:04:30,-124.50823,48.47983,8.5,293.7,290.0
2021-03-11T08:15:01,-124.54164,48.48951,8.5,290.7,285.0
2021-03-11T08:18:20,-124.5526,48.49242,8.7,292.0,287.0
2021-03-11T08:19:30,-124.55645,48.49347,8.7,290.6,287.0
2021-03-11T08:33:21,-124.60468,48.50547,8.7,290.8,289.0
2021-03-11T08:35:40,-124.61266,48.50736,8.9,288.9,289.0
2021-03-11T08:57:30,-124.68487,48.52674,8.6,293.0,293.0
2021-03-11T09:03:30,-124.70427,48.5317,7.3,289.8,293.0
2021-03-11T09:08:56,-124.71932,48.53528,6.9,293.8,293.0
2021-03-11T09:15:07,-124.73508,48.53961,6.5,290.8,291.0
2021-03-11T09:28:41,-124.7702,48.54913,6.9,290.9,291.0
2021-03-11T09:44:51,-124.81336,48.5605,6.9,294.1,293.0
2021-03-11T09:50:41,-124.82913,48.56473,6.7,291.2,290.0
2021-03-11T10:03:29,-124.86296,48.57342,6.9,289.1,290.0
2021-03-11T10:08:11,-124.87581,48.57684,7.1,291.7,291.0
2021-03-11T10:20:30,-124.90912,48.58604,7.7,292.6,291.0
2021-03-11T10:23:51,-124.91909,48.58882,7.8,290.3,288.0
2021-03-11T10:28:31,-124.93333,48.59248,7.6,291.0,288.0
2021-03-11T10:57:00,-125.01887,48.61552,8.0,291.2,287.0
2021-03-11T11:12:49,-125.06876,48.62895,8.3,293.7,288.0
2021-03-11T11:13:50,-125.07196,48.62985,8.2,293.2,287.0
2021-03-11T11:17:04,-125.08251,48.63282,8.5,294.2,289.0
2021-03-11T11:18:07,-125.08599,48.63378,8.7,293.0,288.0
2021-03-11T11:20:10,-125.09264,48.63591,8.5,295.9,289.0
2021-03-11T11:27:23,-125.11592,48.6435,8.6,297.9,293.0
2021-03-11T12:11:26,-125.2518,48.7056,9.4,307.0,304.0
2021-03-11T12:25:57,-125.29365,48.73181,9.6,314.4,311.0
2021-03-11T12:44:32,-125.34781,48.76409,9.8,311.9,306.0
2021-03-11T13:15:39,-125.44639,48.82535,10.1,315.2,316.0
2021-03-11T13:19:46,-125.45888,48.8334,9.9,312.9,312.0
2021-03-11T13:42:33,-125.51096,48.88103,6.9,18.5,21.0
2021-03-11T13:44:36,-125.50829,48.8839,6.5,33.9,29.0
2021-03-11T13:45:38,-125.50677,48.88549,6.6,31.5,28.0
2021-03-11T13:50:50,-125.49924,48.8933,6.2,34.5,33.0
2021-03-11T13:51:52,-125.49761,48.89479,6.6,36.9,37.0
2021-03-11T13:59:40,-125.49068,48.90668,6.0,353.0,346.0
2021-03-11T14:00:00,-125.49086,48.90722,6.0,346.2,335.0
2021-03-11T14:03:12,-125.49675,48.91086,6.2,306.9,305.0
2021-03-11T14:04:14,-125.49907,48.91187,6.3,301.3,299.0
2021-03-11T14:13:00,-125.51673,48.92215,6.2,325.4,325.0
2021-03-11T14:20:14,-125.52501,48.93038,4.8,326.9,323.0
2021-03-11T14:28:36,-125.53471,48.9379,4.1,315.9,312.0
2021-03-11T14:31:40,-125.5382,48.93989,3.2,308.3,302.0
2021-03-11T14:40:57,-125.54288,48.94628,3.2,309.5,304.0
